Bloco,Etiqueta1,Etiqueta2,Etiqueta3,Etiqueta4,Etiqueta5,Etiqueta6
BLC01,1,2,3,4,5,6
BLC02,7,8,9,10,11,12
BLC03,13,14,15,16,17,18
BLC04,19,20,21,22,23,24
BLC05,25,26,27,28,29,30
BLC06,31,32,33,34,35,36
BLC07,37,38,39,40,41,42
BLC08,43,44,45,46,47,48
BLC09,49,50,51,52,53,54
BLC10,55,56,57,58,59,60
BLC11,61,62,63,64,65,66
BLC12,67,68,69,70,71,72
BLC13,73,74,75,76,77,78
BLC14,79,80,81,82,83,84
BLC15,85,86,87,88,89,90
BLC16,91,92,93,94,95,96
BLC17,97,98,99,100,101,102
BLC18,103,104,105,106,107,108
BLC19,109,110,111,112,113,114
BLC20,115,116,117,118,119,120
BLC21,121,122,123,124,125,126
BLC22,127,128,129,130,131,132
BLC23,133,134,135,136,137,138
BLC24,139,140,141,142,143,144
BLC25,145,146,147,148,149,150
BLC26,151,152,153,154,155,156
BLC27,157,158,159,160,161,162
BLC28,163,164,165,166,167,168
BLC29,169,170,171,172,173,174
BLC30,175,176,177,178,179,180
BLC31,181,182,183,184,185,186
BLC32,187,188,189,190,191,192
BLC33,193,194,195,196,197,198
BLC34,199,200,201,202,203,204
BLC35,205,206,207,208,209,210
BLC36,211,212,213,214,215,216
BLC37,217,218,219,220,221,222
BLC38,223,224,225,226,227,228
